_ageband,n,dissolved,rate,lift
<2,12158,1063.0,0.0874321434446455,1.3059508111739395
2-5,19667,1626.0,0.08267656480398637,1.2349179903063803
5-10,22208,1605.0,0.07227125360230548,1.0794966078607386
10-20,22462,1234.0,0.05493722731724691,0.8205828400401582
20+,22431,1095.0,0.048816370201952654,0.7291572155516184
