window_months,flagged_share,lift
6,0.402,8.04
12,0.354,7.079999999999999
18,0.234,4.68
24,0.089,1.7799999999999998
