portfolio_share,dissolutions_captured,lift_over_random
0.05,0.6399375162718042,12.798750325436083
0.1,0.7898984639416818,7.898984639416818
0.2,0.8956001041395469,4.4780005206977345
